x1,x2,target
0.26410139007769895,0.49034182520666275,C1
0.2568473644127568,0.4441185307880247,C1
0.17829098016915382,0.44508570965574096,C1
0.2609929672004959,0.4337693141361665,C1
0.1958154634647192,0.39476570177343895,C1
0.21449545786210059,0.330503761709035,C1
0.1923025808337085,0.3321769850127814,C1
0.2794792654531613,0.24929463195428056,C1
0.23360982523357515,0.28451609178689596,C1
0.2403062883046712,0.21618201950633076,C1
0.3103493496930829,0.24393104333156632,C1
0.33810949155832787,0.20638034441101508,C1
0.3164370872110994,0.20314175834283185,C1
0.28407555167448584,0.30165474942369214,C1
0.3407552245740049,0.3309831078605133,C1
0.21646231647392272,0.4119149973141224,C1
0.19267243500380277,0.3600824400359962,C1
0.19420430118002704,0.34950694850532077,C1
0.184807883118434,0.49787747642640234,C1
0.19011693882628192,0.40132214346808187,C1
0.15869445671107735,0.49763959762659593,C1
0.13503478320994475,0.4767325422185232,C1
0.1942286631033651,0.3532366893777573,C1
0.23764226942957103,0.38951311024532603,C1
0.26159606013077774,0.35888617648904475,C1
0.19832050302184348,0.4309669499045243,C1
0.18127696171872404,0.41984636058817354,C1
0.2793123072450636,0.5078708919974282,C1
0.27026971667098915,0.4464409890214547,C1
0.2255620815260836,0.3484927781913672,C1
0.18106128826508985,0.36679000501425,C1
0.19135933299264368,0.3236036473006597,C1
0.1889913114856199,0.43795701871386017,C1
0.1940761084256407,0.362871654573349,C1
0.22089441992997325,0.3918282385421991,C1
0.15715832973596905,0.35738163757548497,C1
0.2617452835989421,0.3547944423086178,C1
0.2334577870106105,0.3026898674053832,C1
0.26672953182852405,0.27154769934319767,C1
0.27410783764096425,0.32639516980156286,C1
0.2039209972290185,0.31963452533623704,C1
0.21699213058935632,0.32907913162295743,C1
0.24577062344230208,0.3199624183561728,C1
0.23679633990480684,0.2910792759208174,C1
0.1989957908072856,0.3745107293267854,C1
0.2281328966862394,0.3349093934534416,C1
0.20289696955568254,0.3257011281336783,C1
0.22713396582705936,0.37112418766738525,C1
0.21178538546058262,0.3490663184954843,C1
0.16587642975707953,0.35072814972856164,C1
0.24664827352139654,0.28716007032254254,C1
0.23233458383148603,0.3941287339995247,C1
0.20571571408495284,0.3164302019881743,C1
0.2030993583767502,0.270717970474016,C1
0.21904904174108394,0.317635444101668,C1
0.21925166219747,0.32931535819082963,C1
0.22758803920964718,0.20690747294390352,C1
0.28331309717446734,0.2697346521303431,C1
0.20029673038452173,0.2076104601658975,C1
0.2576482743298947,0.3154802079279655,C1
0.23552511856464114,0.24465477298053465,C1
0.21800920102357257,0.24906791521735802,C1
0.23310787178898162,0.30384877222100953,C1
0.2758078871292994,0.2983016227686111,C1
0.23430959548905386,0.29108548212709684,C1
0.16725111218771394,0.3218842895555307,C1
0.22384500244838065,0.33602365448129,C1
0.21903072933339043,0.3006388718936156,C1
0.25506436092067014,0.361756882729655,C1
0.13358680512995358,0.41416040820009936,C1
0.1392140529238597,0.26575766855018884,C1
0.1681344936636181,0.3400183204786925,C1
0.21161809930349998,0.3440397864153578,C1
0.1191945951018806,0.3532382553743677,C1
0.176267614440502,0.36613469447378266,C1
0.11221734571460991,0.3869830844444079,C1
0.189934030911968,0.3397828709456098,C1
0.18983273732267847,0.41544082695463225,C1
0.1657937725411522,0.30873628008096804,C1
0.14293212013907428,0.34235964314235456,C1
0.20410592011380946,0.38799972084027573,C1
0.22319426255173927,0.3290292069633847,C1
0.1626370743013367,0.3425684133912068,C1
0.17189049448176624,0.3783149455336817,C1
0.12120601371387787,0.4293585705380081,C1
0.18660503357862182,0.24286940687809505,C1
0.18399526063284857,0.3695264571244996,C1
0.128139881106181,0.40628240527007,C1
0.16172879661373657,0.27745838307675086,C1
0.24881955184604776,0.3308190370232937,C1
0.2753846922202826,0.2864666145684349,C1
0.18852130513418483,0.27236796330630536,C1
0.13821888520900305,0.25317707418206564,C1
0.1866624099440962,0.28908552007438476,C1
0.21674638839608135,0.35622578802179605,C1
0.15311475686770062,0.3151763509169356,C1
0.23883093471774433,0.262692501415263,C1
0.17686030189043678,0.23891586301193152,C1
0.2605790899947142,0.35169155104375793,C1
0.2552228126465267,0.24314313411678817,C1
0.17940746730216298,0.20293014448067953,C1
0.2631710602830403,0.2660124721601096,C1
0.19475591460318087,0.2712464720957595,C1
0.2198454539152543,0.29567881444081745,C1
0.2324249548783289,0.28222772278394986,C1
0.29806183408431786,0.26804814475615424,C1
0.20784721766576433,0.22657224402078974,C1
0.17996573283082618,0.23263703058514137,C1
0.30341345014576554,0.24099715869292626,C1
0.24702691957607936,0.2194832136259527,C1
0.2796845857588664,0.2104721187203676,C1
0.26316068455315655,0.25706126353517283,C1
0.3030001093841716,0.21556963468462093,C1
0.2708341821222029,0.2538996736821249,C1
0.28816698068829727,0.29687435531436845,C1
0.2697827085522452,0.19431963372190617,C1
0.2504606241388681,0.2605898932831918,C1
0.25946024216359337,0.2274961042143045,C1
0.3123724263711464,0.311282171540271,C1
0.21691151297179562,0.25546436141866596,C1
0.3037708715868692,0.2677663885766055,C1
0.20146819011018086,0.2593798833753865,C1
0.3233821860083424,0.18654426255100515,C1
0.28302244783999403,0.19192648964406253,C1
0.2580489742993951,0.25839189934081813,C1
0.2816812173089611,0.24464122430532723,C1
0.23634398637645507,0.2159916720478048,C1
0.335696397906597,0.21916521963094204,C1
0.22008575956388915,0.22300097446540282,C1
0.251299930942419,0.17280109126697357,C1
0.37666865128712357,0.28812471783904775,C1
0.22313047418777815,0.27618111926709416,C1
0.2781631616397124,0.3273927572763854,C1
0.26405147047781585,0.23096796089178043,C1
0.274984368275081,0.29399971795306284,C1
0.26305739929372707,0.2919550340081331,C1
0.2764965319325051,0.2318527594586182,C1
0.33331511086396,0.29749918611364967,C1
0.32321026058011104,0.2502949014234436,C1
0.3312469736299887,0.21428425855952915,C1
0.23746319501226076,0.37611285517773374,C1
0.2550498836040908,0.3494603343468087,C1
0.24977707836305973,0.3358734075442639,C1
0.2911757248488487,0.4360316707602403,C1
0.33652985135980523,0.36612394873272613,C1
0.29673144686900305,0.37032477424283794,C1
0.25981907681941113,0.40300968108464513,C1
0.21258966864724668,0.32616094726225536,C1
0.3005761113801104,0.315572837972486,C1
0.24861218530228435,0.3375766767546036,C1
0.23197234986385715,0.316234233845225,C1
0.1890871380607955,0.4076295250569156,C1
0.2320028874191924,0.4097663899729377,C1
0.16674174831004246,0.3937723073160699,C1
0.25593156818066265,0.40967192531439656,C1
0.239309476518331,0.41551812576096503,C1
0.23134817140565597,0.3928252609919212,C1
0.22848984665433247,0.4697687563794516,C1
0.17152550648147935,0.4641600195227498,C1
0.23774439922908708,0.45651919953852993,C1
0.1716058253513587,0.45040098098949954,C1
0.13425261827270657,0.41612116311086006,C1
0.209073059925515,0.404966971658077,C1
0.21331633520180093,0.3224715287453937,C1
0.18806974205924634,0.42074308001314764,C1
0.14941494320877804,0.38592334052640737,C1
0.164757694468252,0.4072951130230644,C1
0.17379375877566405,0.3734688744310443,C1
0.22267326626217987,0.4664870479501799,C1
0.16437670061572968,0.480438627652303,C1
0.13575201552344954,0.4001012948483451,C1
0.16386310647065983,0.44447455589243967,C1
0.19887727656696116,0.4038087464110913,C1
0.1635909256220107,0.42417642703787234,C1
0.2024879172140891,0.48927360247600304,C1
0.18895132030603407,0.3983322328926495,C1
0.15152238529711304,0.44969219837716873,C1
0.09419129648494819,0.4292894177875717,C1
0.19913987019447466,0.4008562909583147,C1
0.23980959073247954,0.4528528802379481,C1
0.11453251509815454,0.425658744336172,C1
0.19511789887565778,0.4289595634343172,C1
0.253403989319105,0.3554531840603988,C1
0.2649956469941459,0.38542373362384863,C1
0.18336216717590917,0.45223279281681517,C1
0.11738288514433365,0.47355069654806214,C1
0.17210983541108638,0.3526204700920561,C1
0.19234210399985302,0.41491482422279274,C1
0.1456538951806544,0.42646534156134863,C1
0.15419625377425988,0.35572669024200826,C1
0.20149910880535926,0.39189120096711316,C1
0.19718678737925358,0.3765445352247657,C1
0.14714919173320895,0.42009115570035604,C1
0.1429228179579598,0.3630295767533893,C1
0.17375517349659556,0.3333380996663695,C1
0.1874174913263763,0.3905129699436394,C1
0.24212844014494828,0.38356153652738784,C1
0.18641969439193298,0.3475486446329253,C1
0.12494737204095685,0.3591365063984787,C1
0.21798465203226192,0.282522658437039,C1
0.16181221102830382,0.2962700294616223,C1
0.14299073956146907,0.24357958474225275,C1
0.16128685316468677,0.34369930891809053,C1
0.1867769415259546,0.30155213212169607,C1
0.17618620255891632,0.27656119689620584,C1
0.21488960364997026,0.2767787226699128,C1
0.23128035192776697,0.2073529782218494,C1
0.18473201022085511,0.32526055622109046,C1
0.22176584633226118,0.2392658588293001,C1
0.22396589794467647,0.2779165365904161,C1
0.13242133045574797,0.31009350311697326,C1
0.2233642430814183,0.261125591775254,C1
0.20736057793702464,0.305900857210172,C1
0.2404615899149244,0.27985325648940323,C1
0.24035957634572902,0.25617286725868843,C1
0.2165079498175481,0.3041826379229281,C1
0.23773483554650815,0.28897370590667054,C1
0.09838231862608914,0.3648681373057385,C1
0.2253478352489095,0.36221467133107765,C1
0.1781018489763669,0.3736525229846515,C1
0.2228453549127279,0.3627288883766861,C1
0.20240529902399002,0.34069071832720904,C1
0.259214384435222,0.3963415239176461,C1
0.27815721363263235,0.3934860141168084,C1
0.21474283927607526,0.37915189010636235,C1
0.24048314235763257,0.39649420634163085,C1
0.16263538516346016,0.40492405532394493,C1
0.21717019876187027,0.42931506080264054,C1
0.22952025017275832,0.3509008939053508,C1
0.14756013592499168,0.39151945512179437,C1
0.15222882961709192,0.35746919400121063,C1
0.2008037226813146,0.4501034548981662,C1
0.13650731338989452,0.4923666524683206,C1
0.19944397521846785,0.4468895828261192,C1
0.19727879134499043,0.3763156940544681,C1
0.23799731180048816,0.37423688855746123,C1
0.1555799033489476,0.3769657961122328,C1
0.25473304081745746,0.440585971454279,C1
0.22797824872435152,0.4529138477802074,C1
0.22820230248410303,0.4280842966593777,C1
0.2054371030250735,0.36741987834479956,C1
0.27218728082900906,0.2903261894949444,C1
0.19823502696355558,0.21175161643184182,C1
0.2832037235774069,0.19978460228709188,C1
0.26564964706447197,0.19771636132251316,C1
0.22290704508103137,0.21501980876227283,C1
0.28015449689656685,0.24024618555700408,C1
0.26223080665495996,0.17995252810011408,C1
0.24989949936985184,0.21013219702237676,C1
0.29202734163374494,0.21713559909155283,C1
0.2173044550280689,0.1487881595715773,C1
0.24681712995162586,0.23719287795916671,C1
0.23968358203269777,0.2975215027211958,C1
0.326574985862465,0.2600724668461074,C1
0.4091088635083848,0.26171647852424124,C1
0.35739556596152267,0.3449529618964897,C1
0.2708124289352635,0.36276341141604423,C1
0.3267002058658584,0.34952209024502284,C1
0.25376480809571333,0.3054922261266184,C1
0.30549889229967825,0.3808618520054109,C1
0.30515641648148173,0.507771981328786,C1
0.34498876827148184,0.43857906145378467,C1
0.3044888597158193,0.4838349160110312,C1
0.3538673060322874,0.46485209538151023,C1
0.2846555730460539,0.42223128078951283,C1
0.3092779833772843,0.4824384632811629,C1
0.3001107342677642,0.5009375825280356,C1
0.31508436112989313,0.4295044301386594,C1
0.28140991753863864,0.521553431452889,C1
0.36095553061834484,0.45728852666328046,C1
0.3095271847441249,0.43361400642762377,C1
0.27865114174373884,0.4256194393583739,C1
0.3573610519182973,0.4879436296614512,C1
0.31051408134094566,0.4541319727447279,C1
0.2772083966082376,0.4122265669283468,C1
0.3147122484049115,0.5003563338040906,C1
0.31203732939782025,0.459033688089014,C1
0.17770278526698816,0.3351070588640962,C1
0.24113811127663645,0.2925869461413868,C1
0.22524671725420478,0.3308253485712145,C1
0.2316330188528398,0.30468624731713845,C1
0.22975095492903866,0.32854855844588465,C1
0.24273827441381635,0.3629465026471208,C1
0.24159554780385678,0.2692181665925161,C1
0.2414816501289581,0.1924737547237153,C1
0.2278363379501738,0.3118172572458637,C1
0.22004276083261062,0.28895158309026986,C1
0.29464290413607047,0.1913976317769685,C1
0.19879274040591483,0.21441456528476632,C1
0.23036290750586746,0.26513293480646166,C1
0.21334470491024377,0.34423181547948867,C1
0.23243295792944382,0.2680566125130708,C1
0.24275421046231446,0.2819293707010599,C1
0.298926960427438,0.21400799893213468,C1
0.21912273368285828,0.22297394345259464,C1
0.23050238231192066,0.3636540437109471,C1
0.23341419386575615,0.3341910765064824,C1
0.19425381361711117,0.36684234497197443,C1
0.1235037269679642,0.35632803453833173,C1
0.2144056802171755,0.3686292721624158,C1
0.13928413484494825,0.3184171159652685,C1
0.2583694062812604,0.3461304267172695,C1
0.23851457428898093,0.3085997367228498,C1
0.2745706078731637,0.35204922745476136,C1
0.2146375787264469,0.4053675347821842,C1
0.2591893534410918,0.4356834250038469,C1
0.2069579110631308,0.35399249171340647,C1
0.22555628068006062,0.31546366388431324,C1
0.2547211611071193,0.35448826313105375,C1
0.17116965798026995,0.3531358098986131,C1
0.26340594473138235,0.3705428344512085,C1
0.11579851558419182,0.34983186183497506,C1
0.1601871587568599,0.361530666224427,C1
0.1881591904130396,0.29006766195010486,C1
0.19122886817018064,0.3622206978812953,C1
0.22580425483481673,0.3174596688576127,C1
0.23554335086624104,0.29580763375958063,C1
0.2538902781113007,0.42499077232428567,C1
0.2167142141413694,0.252102806346667,C1
0.2420777254964638,0.2805955546553926,C1
0.23763349158815195,0.30312257505466345,C1
0.21471795106216704,0.25501848356045753,C1
0.25285978011471666,0.26271884820368085,C1
0.24440993144645,0.22771316506992695,C1
0.20689273862508406,0.30399951080892645,C1
0.21776957626342475,0.3723649339762786,C1
0.2673291786600387,0.3613726065384974,C1
0.25544952236522717,0.42326655150012454,C1
0.3211959033740038,0.3882774600984169,C1
0.26127197192814466,0.38709442945556427,C1
0.24116427837572207,0.38499213977018154,C1
0.30428215529392966,0.3567951535762948,C1
0.34792789374435484,0.35356097518140234,C1
0.3239630890072607,0.3896360772309662,C1
0.25999000693758784,0.4037895993324357,C1
0.24743499096206265,0.36830933929251997,C1
0.2862997607116265,0.3469685527003157,C1
0.2811793081451413,0.3777299495900538,C1
0.36366357990577036,0.3803724307188552,C1
0.29714008753794063,0.3451705860358322,C1
0.3363857139310848,0.2606167715973278,C1
0.2807194453321858,0.34314632767688685,C1
0.2839291075290861,0.3751131051813593,C1
0.2077073546086724,0.3350069447781231,C1
0.28617407497300484,0.28658608228600957,C1
0.3165624024443602,0.31960661352645153,C1
0.26385720847867145,0.3362752613425724,C1
0.3101230893588947,0.30953669522597216,C1
0.29260676640051286,0.34303133798692903,C1
0.29654481309615927,0.3489153451665628,C1
0.21859292069807884,0.40344193265025896,C1
0.22908679836153195,0.30503692289279677,C1
0.21393140988700135,0.40847280918380297,C1
0.21945486716653417,0.4005487380725499,C1
0.18306351744642285,0.35863071204595215,C1
0.23032248173717387,0.3976027289892016,C1
0.202489738761252,0.38285570584012724,C1
0.20744479970691063,0.41184630130836203,C1
0.1332572076467048,0.3327892843624666,C1
0.21651048812597537,0.4532155983178629,C1
0.1801892836287156,0.41581498483332224,C1
0.1301579259510975,0.4297458959659173,C1
0.16724343607913905,0.4298030016795591,C1
0.19139811284605154,0.3768407346059275,C1
0.16255105883218735,0.3898924655946536,C1
0.13631323673561363,0.4352452378568935,C1
0.26427657723956616,0.4089127458924994,C1
0.20794239189059308,0.4238321088083606,C1
0.2033028775330198,0.3347404435782166,C1
0.2008287668918367,0.33048705929977296,C1
0.25840913660012665,0.34487274267249274,C1
0.24471584011182596,0.3797271295809097,C1
0.19926787916765035,0.3223554488920414,C1
0.22366161897967862,0.23788043834528366,C1
0.20986062421042562,0.31305678313374313,C1
0.20560753616592028,0.27458098427312294,C1
0.2350875594219379,0.2877282990720757,C1
0.27057059011226314,0.35933376627920754,C1
0.2280560953064869,0.3919243690725676,C1
0.2705055154835,0.3096538921484169,C1
0.15217101467006142,0.30680859592660426,C1
0.20624249325794197,0.35940940271863175,C1
0.21426733490201438,0.3024313438895088,C1
0.14530988560343944,0.24496103322577545,C1
0.16674404336896323,0.29720334878033294,C1
0.17485964078539837,0.3161506855302486,C1
0.13181077659174262,0.3247001243363079,C1
0.1010232827732786,0.3506579741072478,C1
0.16909943992688245,0.274498990129865,C1
0.1209484671869829,0.29636608681701343,C1
0.14017078704663288,0.3528424998938231,C1
0.1226638990207112,0.34376756867490427,C1
0.16948842170123654,0.28899947515418206,C1
0.20356244740951876,0.36538660187840216,C1
0.2041547638977278,0.3957650427143193,C1
0.13894528240626716,0.4112262736470734,C1
0.16562721933765556,0.39085003351722786,C1
0.19063672490131606,0.3943514864471052,C1
0.28920066401123734,0.38185386652948916,C1
0.16239274125925857,0.37796837519473064,C1
0.2206984720159305,0.3531787926774072,C1
0.22526278515124057,0.37877090892491155,C1
0.2341612058997869,0.37181561485345677,C1
0.24826237060655956,0.3809011992017859,C1
0.20608253373086435,0.3922004379196059,C1
0.2885571228694039,0.34346010833527474,C1
0.17789775102477795,0.37704057584164546,C1
0.2796923654011018,0.31906937853105305,C1
0.278979578526662,0.3454385458872273,C1
0.23740172476075527,0.32605925578423783,C1
0.29433263204983073,0.3149965784173313,C1
0.3360414289112385,0.3006959701619225,C1
0.26659382615375193,0.2838803389757635,C1
0.25038815451251845,0.33723661474487143,C1
0.26269170325757085,0.30615607488712226,C1
0.3524880340432338,0.25508870231439396,C1
0.24772552068905465,0.27118253740437814,C1
0.3189548792229624,0.2622987328903565,C1
0.31528434694624924,0.32065023288165806,C1
0.30988129118697805,0.32908165629106795,C1
0.3192711118271765,0.2609443824185901,C1
0.2918883183117507,0.31474762403427575,C1
0.3324911132074835,0.31721869414015,C1
0.30535791270422824,0.3115072869044936,C1
0.25900856516338083,0.300984180778541,C1
0.2890143447538795,0.287748062508382,C1
0.34211138781774525,0.2784450334012426,C1
0.2975764721972577,0.22590448111673517,C1
0.3283881696253118,0.2849170699173963,C1
0.2735884333536838,0.21047622159847668,C1
0.3460509176653492,0.2124753917079355,C1
0.3008502936835763,0.23345633631230103,C1
0.2568379265199883,0.2663726942640312,C1
0.326107612469255,0.31668208556737354,C1
0.2678443221084811,0.29072956173108067,C1
0.36313765392001884,0.29824424394090404,C1
0.23497294387561263,0.25260449225249676,C1
0.27180880156427784,0.1594832040513865,C1
0.3256041915357298,0.28240342955156256,C1
0.24814881328075541,0.3003130749199735,C1
0.2579364874161648,0.23493891781890938,C1
0.30305462312583964,0.24123528217532358,C1
0.28213278046856555,0.2309347354462122,C1
0.3069116097696462,0.23819581812910076,C1
0.3021000216742195,0.23166367111269778,C1
0.24039410174439096,0.2793894731124088,C1
0.2923485005833052,0.2818726528882681,C1
0.3242608172310484,0.26431830275069595,C1
0.29825566964581607,0.22056402527649938,C1
0.3127853025113927,0.270306487265929,C1
0.31039455665291427,0.18582237389079032,C1
0.3277608291420261,0.3405392262920944,C1
0.3475092822233113,0.27210406947939797,C1
0.3440624534564543,0.2729136231951646,C1
0.33011718442063304,0.3002294448164987,C1
0.33111501277840694,0.2870149680399011,C1
0.28417696152796673,0.2679660505376469,C1
0.3359342663273232,0.28013996659535034,C1
0.3813919152388317,0.2635222915371346,C1
0.36060740387486595,0.28777376411340966,C1
0.307601101475497,0.24458735990058827,C1
0.3159896258091236,0.2651250353047088,C1
0.3421883775894432,0.3312715766846208,C1
0.337787041482669,0.2866101273432649,C1
0.40818918579863567,0.3512951590866045,C1
0.31624966117698594,0.32914852233873704,C1
0.4188935592060114,0.33229226979750315,C1
0.3558324221125141,0.38593179970321323,C1
0.3301797468346546,0.36957640563838867,C1
0.28560343031998603,0.46321000230849774,C1
0.2828698301582592,0.41639836011282466,C1
0.2720334911952058,0.40210404337049466,C1
0.2770430427780571,0.42624508489821505,C1
0.28117552820285496,0.46674504506894715,C1
0.33794322039721236,0.352871491345868,C1
0.2725873714382474,0.37263210179239653,C1
0.22358082244114713,0.43965705132929833,C1
0.2417840488752797,0.44685264570856686,C1
0.19203476398737224,0.3902013243158069,C1
0.31888515447452737,0.36811258967856375,C1
0.2012715548002897,0.3143644343932287,C1
0.17983559263148943,0.34215790774660876,C1
0.2579471945021449,0.4170741557917424,C1
0.23115843393221017,0.48063098907530655,C1
0.16406068848333202,0.4006556142889077,C1
0.19884923080644035,0.407700148688022,C1
0.2824756103964036,0.42960679303871563,C1
0.216851079652115,0.39500132826274986,C1
0.18867233678369857,0.49447338441228617,C1
0.15585794909343517,0.4677538398376713,C1
0.29292120258011817,0.406162829702763,C1
0.15100651734290013,0.3969752521630095,C1
0.17796257641209992,0.4426677338393798,C1
0.16795194506940478,0.3281479798307923,C1
0.19455669583139623,0.4344707629210454,C1
0.15865383886331175,0.4116221396882749,C1
0.20648570476007533,0.5276581598101489,C1
0.20597325195631883,0.39375066820063437,C1
0.17905248908813998,0.4117592845682996,C1
0.165803423077979,0.43696951810560336,C1
0.2432474018199745,0.43647205546516943,C1
0.16851491954525138,0.42490940633392915,C1
0.19457539325150502,0.4148196609289898,C1
0.19365528422688152,0.4721567461691568,C1
0.08474641953456767,0.3441063546575066,C1
0.16875721338957977,0.464467471681436,C1
0.19131096748123982,0.38183963297753704,C1
0.21129726686445716,0.3873442384399211,C1
0.16591312221203952,0.47586896109407956,C1
0.15849621356264038,0.37750260726003965,C1
0.19419626960645117,0.40718442830098406,C1
0.17520010651947185,0.3612256164105816,C1
0.213419078048048,0.3779759432994421,C1
0.21638794896853952,0.3656363178537136,C1
0.14320204895464972,0.3785411616052938,C1
0.20741734813264467,0.33624499227718274,C1
0.239521933209009,0.4133297383250651,C1
0.4695301286912553,0.7778111864880264,C2
0.5492007753955441,0.7433687285693161,C2
0.5020068140411311,0.7639901455603979,C2
0.5378654849283921,0.7677285589702071,C2
0.531208822394047,0.7735216313334353,C2
0.5479535637099296,0.8192522388116777,C2
0.5167760581246281,0.7478735466260465,C2
0.5023200145451907,0.771715083301975,C2
0.493595345566522,0.7128980800793336,C2
0.5385517163306575,0.814123677246748,C2
0.5638717214712953,0.8090254010827354,C2
0.5323583723911774,0.7552421111443192,C2
0.5567298692081415,0.7485996779684887,C2
0.5455038232431743,0.7468235000494923,C2
0.599214479281514,0.8226412903789952,C2
0.49279993396073274,0.7687079800090407,C2
0.5117958545707577,0.7527457388146404,C2
0.5541585477253804,0.830851174519923,C2
0.5302953627680838,0.7656925553040882,C2
0.5994009680934821,0.7826433853008562,C2
0.569379132124499,0.7393567629509646,C2
0.5724692171442617,0.7737706672638097,C2
0.530406988419271,0.7663101548590324,C2
0.5939102745411446,0.7869908199918848,C2
0.5175391237060549,0.7984480374493748,C2
0.5477341294827717,0.7685894466453902,C2
0.6174026082090639,0.78483246502741,C2
0.5404749543028392,0.7572247013535315,C2
0.5323345880309089,0.8037312566305198,C2
0.5186572565211378,0.7361644296413261,C2
0.5551842380246201,0.7810583963512588,C2
0.6137432173724103,0.7912745072397495,C2
0.5966847987141793,0.7193709356912945,C2
0.574664291930232,0.7130159042354465,C2
0.5928680653100563,0.7797423576395344,C2
0.576200367874029,0.7217344444412875,C2
0.5355154687242313,0.7321548089076962,C2
0.6273581024992023,0.7126997952532002,C2
0.5962618244015909,0.6770082949521443,C2
0.5717747186463238,0.6999598777731637,C2
0.5629419139788655,0.6697065764388596,C2
0.5994291233152641,0.6957982891226548,C2
0.6030317167922791,0.6649739789407402,C2
0.6031158603232674,0.5929202319562633,C2
0.5902036046684247,0.6552836812414258,C2
0.5934864313817629,0.6926665936514416,C2
0.5822456226688928,0.6742718165402459,C2
0.5615906695015997,0.6431486294258634,C2
0.6836653777717087,0.6651320266204893,C2
0.6827205736878001,0.6736003613034268,C2
0.8121015584431953,0.6363252533682894,C2
0.6177235025633999,0.6776385009444856,C2
0.6274653202178103,0.646058633774224,C2
0.6797606607813055,0.6048582512546059,C2
0.7063800934202691,0.6001987863518439,C2
0.7131534740896628,0.6287492527168903,C2
0.6869541661689053,0.5770894302151168,C2
0.6701639817274125,0.5926525642810981,C2
0.6289951859969064,0.5708036198378565,C2
0.6574985434541161,0.5649324032223897,C2
0.7731608991601511,0.5362233815689024,C2
0.7091660565594681,0.5386864435708298,C2
0.7002332493568426,0.5406820131395459,C2
0.6999728579159412,0.5183290410927032,C2
0.6735995429964496,0.4974869609295879,C2
0.679863882390782,0.5544233116944914,C2
0.7096854150502782,0.49954955284810537,C2
0.7383040403085054,0.5081091090703254,C2
0.7341597126397595,0.4927251642551282,C2
0.696150517486418,0.5677561605047668,C2
0.7260069258556782,0.5840190504003964,C2
0.7647624653234035,0.5212715652226788,C2
0.7451779262989725,0.5030485854191893,C2
0.7751769810247606,0.4894098504177409,C2
0.7399851109666664,0.4967615012277573,C2
0.7231790288699012,0.5013694990292387,C2
0.7144846822681726,0.5013793512573238,C2
0.7614487677597109,0.48636677673673134,C2
0.7813278096243451,0.4600252998023278,C2
0.8103011431014429,0.5293109864552323,C2
0.8141802184485705,0.5225849670814473,C2
0.7941584579537831,0.45415096015862466,C2
0.7642295776645343,0.45373176562330203,C2
0.7666131907083517,0.49090113334572555,C2
0.7891999684895324,0.4437773782306721,C2
0.8668566691344674,0.445539540555457,C2
0.727603342337873,0.4526825453822448,C2
0.7814945973257046,0.444543601983054,C2
0.8577424380758865,0.43685796927863824,C2
0.8271266909315207,0.46854693471301495,C2
0.795056603969621,0.4902493525922939,C2
0.8402828112153249,0.5726735202537755,C2
0.8463808045110315,0.5028326872354633,C2
0.913317475336219,0.5411674811152607,C2
0.8951377506829815,0.509809446095815,C2
0.8369062858588221,0.5652283909698662,C2
0.7876106748300584,0.6333899501935955,C2
0.820948334742123,0.7073296347625029,C2
0.8637881634894052,0.6388187943051499,C2
0.8440495818955114,0.6580701583585359,C2
0.756070775748811,0.5980086703953782,C2
0.8541384752592172,0.7011475114057196,C2
0.8601732238336502,0.636631230778534,C2
0.7688764196565598,0.7199256502004749,C2
0.7307981822510845,0.692612688516798,C2
0.7372563843759152,0.7015677460086412,C2
0.7961077752995452,0.6608952779759502,C2
0.759650744023409,0.7295117554917124,C2
0.7848274069562309,0.7821556213037003,C2
0.6800092059633975,0.7566369287355692,C2
0.7067420745818694,0.7234208128696568,C2
0.7255944881336975,0.7144039042371914,C2
0.834936600370641,0.7412437381874539,C2
0.7114045764093778,0.7005801862624185,C2
0.6644856623996884,0.7610618697738614,C2
0.7137521397166056,0.8049447318030296,C2
0.7760014073530127,0.687029299419108,C2
0.7556102441478865,0.7668766536458117,C2
0.7102659585210124,0.7145548324989,C2
0.7018857630292433,0.6862844431747642,C2
0.6738471747442196,0.7945819194708488,C2
0.6741465559219212,0.7552504764538498,C2
0.5743548740465747,0.7442423085275555,C2
0.6224121480716854,0.7456511569248218,C2
0.6443093874442761,0.77801149303672,C2
0.6760172998235594,0.7725202434608299,C2
0.6292465500927705,0.7904656669227733,C2
0.6525714179296825,0.7479508273506468,C2
0.6513595768913043,0.7768514766411232,C2
0.659157589811451,0.775570783892129,C2
0.644157196539601,0.7278163846915299,C2
0.7096763766280831,0.7568873857545692,C2
0.5836990909704958,0.8371805932520135,C2
0.6275101956394237,0.6904878524730647,C2
0.6447095638201339,0.8393653439596652,C2
0.5841717105006675,0.8587425996558045,C2
0.6626185296972206,0.78482678259951,C2
0.6227647292890586,0.8096713577396988,C2
0.5847722493995448,0.7690772701572961,C2
0.5798192843748394,0.8106772876500338,C2
0.5545129889889402,0.7302092764006707,C2
0.5247102961282786,0.7982999938208138,C2
0.5797847285955192,0.8645708540660115,C2
0.567695954240944,0.7608814903156945,C2
0.5786768574827003,0.7946492630329748,C2
0.5310205427076417,0.7383288923928988,C2
0.5493355079697025,0.7278973181138452,C2
0.5746651562478603,0.8019184584493604,C2
0.6273115582375037,0.8199155648838526,C2
0.5743990538293466,0.843976224728777,C2
0.6568959677830049,0.8080283898759492,C2
0.5753227695299608,0.8365473981937446,C2
0.5765000801643467,0.8048710469816843,C2
0.577233388488874,0.7869061195868405,C2
0.5967488717699776,0.8327121559197521,C2
0.6291817235980058,0.7046779138699666,C2
0.5870092172917136,0.7814241690947877,C2
0.5720649457377378,0.6605828099997162,C2
0.5792031831732917,0.7835138918667776,C2
0.5213059474334177,0.775206843116083,C2
0.5590825966984689,0.8079143928195309,C2
0.5032256136501158,0.7505922852609879,C2
0.5877295234158748,0.7365166052908882,C2
0.49650486816889766,0.7390838996895792,C2
0.536429279917009,0.6868509507897456,C2
0.5434732643700743,0.6644346627770443,C2
0.616093366139176,0.6985930241919511,C2
0.5635689964689538,0.6804436432338528,C2
0.5972620765801547,0.6748219768043152,C2
0.6329022240707554,0.6254872010306778,C2
0.5499557234024526,0.639295684803457,C2
0.5501013075625933,0.6778732852181957,C2
0.6161381004726925,0.6635955995351575,C2
0.6341141427020252,0.7361643912325438,C2
0.6642878095101564,0.6364188777375335,C2
0.693350453648156,0.6806046990029078,C2
0.6396387541662913,0.6697001079115114,C2
0.6330167546844749,0.6488464273107382,C2
0.6582507326764385,0.6889426777979761,C2
0.6476083849191191,0.6350012257649948,C2
0.6392782582845135,0.6433568169184671,C2
0.6838371142279016,0.6388310303461674,C2
0.6585672348562842,0.6293104471503153,C2
0.6167109757850741,0.6426530348630937,C2
0.6972894219387459,0.5890479482892471,C2
0.615455997510217,0.5916327626882628,C2
0.7054963328850994,0.5662956292498438,C2
0.7593014780638709,0.5369571963461834,C2
0.667626923590305,0.62127044411961,C2
0.6890272822293303,0.5472071879674267,C2
0.790445765837341,0.5586442981778876,C2
0.7463642650837082,0.5762034130847269,C2
0.7713296534588007,0.5021851941884903,C2
0.79689175934323,0.5619285883649966,C2
0.747871281428198,0.4823969839032862,C2
0.7692435774965062,0.5430367979870064,C2
0.799005871789873,0.5654336418899957,C2
0.7279234389983427,0.5900103872015742,C2
0.8956008958169306,0.4718280389506402,C2
0.8239130133807268,0.5458764610563177,C2
0.8672358741820564,0.5424081563825818,C2
0.8804378931338444,0.4689182102294323,C2
0.8570323246292944,0.5491400040764465,C2
0.8559376887920349,0.4626256463452462,C2
0.8706947062766562,0.5074262087695084,C2
0.9536419078071656,0.46818168267810756,C2
0.8136022793720393,0.46953158855224947,C2
0.8639508127648561,0.4877721443828732,C2
0.8949180981957146,0.5296558177068392,C2
0.9347977097530253,0.533150718597678,C2
0.7802917188630951,0.6332998968402341,C2
0.7937103526609458,0.6844697359325689,C2
0.8621731388295552,0.6184772098844751,C2
0.8112296322298644,0.7110592882274299,C2
0.9011551312835414,0.6746393529926822,C2
0.8273197676534323,0.7006374541644897,C2
0.68833102968615,0.8269967657140336,C2
0.7159561333829838,0.8454123735006257,C2
0.6631306723892857,0.7890351223437575,C2
0.6913055742992874,0.8347686616980482,C2
0.6496991217441169,0.7731924171220441,C2
0.6999360730689637,0.8337729404565375,C2
0.6683843173176364,0.7604802897809796,C2
0.6155401786689575,0.820413750168645,C2
0.6527596690667947,0.8202329310382622,C2
0.6863700858371801,0.7892473360490279,C2
0.6958439924440576,0.8459735104730858,C2
0.6653716826710231,0.8020711878510496,C2
0.5410894781135103,0.8507011677813555,C2
0.5569941435584012,0.8434802099005897,C2
0.6388400636912186,0.7431789367846022,C2
0.5896660618663507,0.7413745270229772,C2
0.608475180316441,0.8078508381055735,C2
0.6241819965852478,0.8641100559749577,C2
0.6155377386587023,0.6665661655405771,C2
0.6887603714682278,0.7285938146967815,C2
0.5668250774384659,0.7180290621299649,C2
0.5507141565954149,0.6419146602812741,C2
0.6115814481509092,0.6058091363406453,C2
0.6320313240747659,0.7519823079965968,C2
0.8567549909749814,0.5198215769785737,C2
0.8424861937721031,0.4343637196181168,C2
0.8106266298067027,0.4254083601853616,C2
0.8409578910180558,0.36732182493496796,C2
0.8600594466853827,0.4750771609831215,C2
0.8307570320052665,0.4174413177533749,C2
0.7064936091830475,0.7402496032766647,C2
0.6390453383959467,0.8340023037207993,C2
0.7291904448606418,0.8173511665225547,C2
0.7972379607884993,0.7736622099345717,C2
0.7034945832191071,0.8011256932482717,C2
0.7300949257598084,0.8491826983435041,C2
0.6290596108918409,0.9186607890249526,C2
0.6114630913063221,0.9026454908657503,C2
0.6454775678244431,0.9184519515854956,C2
0.6120825035898302,0.889595783713012,C2
0.5778205558912853,0.8411014449927979,C2
0.5821636661480483,0.8428426152928793,C2
0.7956268698915567,0.5355199221839227,C2
0.7077387580385559,0.4850536962752339,C2
0.7871114244171425,0.5882052762152681,C2
0.762452698533001,0.5820838308290505,C2
0.7110952113314495,0.5631241071009889,C2
0.7081277369256719,0.5136233342365908,C2
0.7356827278105985,0.8773197542676126,C2
0.7055414068724009,0.7793263383170834,C2
0.8216414525504214,0.8105087489713597,C2
0.7513141202756723,0.780241179265287,C2
0.7773871250265992,0.765549579254668,C2
0.7462077402347187,0.8014667744616825,C2
0.7003313376008817,0.8852831217442111,C2
0.661164067700743,0.8811734871718483,C2
0.6442527526305434,0.9043860992942141,C2
0.6431310836723156,0.803581255401092,C2
0.6358894624212352,0.8618143962794529,C2
0.6658800852648715,0.8063895933729375,C2
0.650171823188452,0.5996331681407612,C2
0.7047350346852109,0.6397421687117923,C2
0.7522132911396835,0.6074859794961475,C2
0.7068139440029804,0.6901736488838686,C2
0.6021863356828467,0.6509551387410786,C2
0.6685653454698688,0.6466951547345949,C2
0.5887681961397131,0.8145461286586483,C2
0.6113235861595115,0.8384005369854428,C2
0.6753374406703202,0.8089507114487181,C2
0.6094881467158262,0.8206675433114365,C2
0.6969101775678365,0.8224051469048608,C2
0.5814067599693148,0.8400854945455934,C2
0.6803740067033783,0.5596421763934378,C2
0.6248449718238701,0.637108544646631,C2
0.5746356344023533,0.593277914865307,C2
0.615504340240215,0.6849466479395042,C2
0.6554799982554341,0.634477512430445,C2
0.5707612527557189,0.6845355356833527,C2
0.5962815281081191,0.7766983837230744,C2
0.6183698376313131,0.783928671642787,C2
0.6491871699885142,0.8063002308274069,C2
0.6514361928614829,0.8647255913246562,C2
0.6565644155101881,0.8100643510198665,C2
0.6230953097313863,0.8399096667174938,C2
0.6512137713801539,0.7318547004624598,C2
0.6592243433468015,0.7505916027578066,C2
0.6659731907026465,0.7278857228534136,C2
0.6695258256113491,0.7356337192868435,C2
0.6030854711086614,0.7586428737088753,C2
0.59409388224056,0.7517807359256307,C2
0.5854677032541773,0.725142477542838,C2
0.6237021614319269,0.7415686508916239,C2
0.5788662129165099,0.768085854604324,C2
0.6481689384466911,0.7948377631670772,C2
0.6180294319294496,0.783960506228399,C2
0.6476166516850462,0.7318685927830492,C2
0.5946927282409638,0.6376189836541175,C2
0.6350083330473686,0.6342806788579005,C2
0.5604575903816299,0.718086158693281,C2
0.686743818967205,0.7201598728897968,C2
0.6184554933920747,0.7202850659572514,C2
0.6195054202456625,0.6654392576726937,C2
0.6069274918829436,0.6893707875594264,C2
0.5839293173789906,0.7356634124097845,C2
0.592654331352427,0.7283505194307692,C2
0.6367131371876644,0.7054416258016144,C2
0.6428991109747277,0.7675707398892837,C2
0.6196233850172232,0.6960684707428806,C2
0.6181188605824237,0.7111358847379644,C2
0.6591293249707391,0.6536792251483908,C2
0.6336177661858884,0.6801560651876707,C2
0.5810618859726702,0.6527426929147525,C2
0.6482219642575936,0.6372543247192997,C2
0.5802901283687358,0.6545304222948318,C2
0.6096880987295179,0.7220547917751831,C2
0.5805666816525027,0.7830501478009182,C2
0.5874674162534645,0.6694378209534536,C2
0.6035117514082152,0.7303922910317727,C2
0.6804815458537571,0.7674663863414948,C2
0.6751978621106705,0.7156995280965324,C2
0.6391603073422772,0.7462683394585397,C2
0.5963173087038312,0.7289335736332169,C2
0.698841376942004,0.7426075685040726,C2
0.5954467709956397,0.7550713679195064,C2
0.6022926584693684,0.7014315284450773,C2
0.6105993853977546,0.6764682373038672,C2
0.7308128360018852,0.6727871432121441,C2
0.6751683022108182,0.6648324323150577,C2
0.7002206813549952,0.7023345823101935,C2
0.6594986615790027,0.6983803401061082,C2
0.7001167975145939,0.7001211869909187,C2
0.7100323703243917,0.7116801215611102,C2
0.7081297946166499,0.6847028421189018,C2
0.5746474571639077,0.7073812036378084,C2
0.6641849536461906,0.783113046578657,C2
0.6414281906647552,0.6973739726611734,C2
0.6913485559560002,0.756974011222898,C2
0.6791973422385574,0.7492814940169953,C2
0.7196297476520961,0.6345824982417789,C2
0.6665990245088695,0.6160625667445596,C2
0.5977533484696725,0.715028781794618,C2
0.6841738701080456,0.698898903559813,C2
0.6425180597100869,0.6850184517650764,C2
0.702042559541937,0.6552817369089377,C2
0.6495643322368752,0.5317667623151732,C2
0.6754753246247704,0.4870848605899134,C2
0.7199685031135107,0.41466705530436626,C2
0.7647651375259034,0.4430201366002929,C2
0.7890679642309051,0.48262972490372774,C2
0.7366319465489078,0.4820595340066917,C2
0.7736089452554773,0.47036643489817054,C2
0.7982877047092728,0.44068414127983485,C2
0.7956969548663251,0.46684702917622317,C2
0.7829338967552286,0.44159884954513234,C2
0.7589621732740205,0.36767468255045355,C2
0.7599058512873116,0.41790476692701356,C2
0.6674922943120154,0.6176041413575779,C2
0.7399398192546042,0.5587032732086967,C2
0.7157680545059774,0.5656398275342135,C2
0.7120064119057098,0.584342588836502,C2
0.7651050168358138,0.6194036745678921,C2
0.7085442373641619,0.6035707145951832,C2
0.7214287177307749,0.5446661922004817,C2
0.7960661848848898,0.5589052560623607,C2
0.7736973937690834,0.5475851033453127,C2
0.7422505250703137,0.592708810488805,C2
0.7438791047372671,0.568229428794684,C2
0.7215240577255347,0.5412658447251196,C2
0.8150181079822318,0.6016728434990174,C2
0.7138725679411205,0.6802922689347495,C2
0.7217377956456427,0.6201704736783206,C2
0.7443379914702445,0.6196643475077065,C2
0.7549174416543207,0.6778087378337563,C2
0.7955103231704145,0.6647156882761535,C2
0.8055128550185207,0.6978437331223817,C2
0.8329029940678166,0.7064499416405234,C2
0.7941677047337568,0.6416345324075342,C2
0.7824417356043358,0.667087215252708,C2
0.7589313990712647,0.5816725813312493,C2
0.7055873092588743,0.6502973940248082,C2
0.7226653545597551,0.7557253761271328,C2
0.6165534514216322,0.6765476106518269,C2
0.635121921543731,0.7795889425611369,C2
0.7088258662744406,0.6989089751711848,C2
0.6988626457117573,0.7109669148847495,C2
0.6833240334001232,0.6914424746133093,C2
0.7075372556938423,0.6921439385806629,C2
0.7460894828862304,0.7093758489053823,C2
0.5830015099641649,0.7292785892635941,C2
0.688311018581937,0.7563256263443169,C2
0.685352048193722,0.6711173369966201,C2
0.7425251029673637,0.7433306365083999,C2
0.733815012633302,0.6893358341572484,C2
0.737417932373114,0.6048267914570902,C2
0.6875629629069956,0.7178555327669185,C2
0.7573157644674737,0.6453790850650808,C2
0.7553662774933864,0.6716518962032905,C2
0.7606411050553407,0.6184944676390063,C2
0.7861003706961528,0.6983671020148824,C2
0.7727462033220062,0.5786084487538057,C2
0.754597646117874,0.6151443539545358,C2
0.762443764682092,0.6635555422973299,C2
0.7635293718885763,0.5884507390460448,C2
0.6619495318439366,0.6419403193335104,C2
0.8294502314813534,0.6663588607804165,C2
0.775812132704313,0.6100298578235184,C2
0.8737254454385418,0.5848887981678731,C2
0.718693208250389,0.6285928036849044,C2
0.7303695337654719,0.681882511298708,C2
0.8287704818024902,0.53433606183519,C2
0.7523986852158575,0.6001801610724002,C2
0.8784699870894985,0.6263777921055136,C2
0.8335047128254812,0.5825329364536287,C2
0.7975190588123362,0.6381808853771647,C2
0.8203642283694506,0.6112275055025593,C2
0.8055736318994736,0.6573538892380786,C2
0.8292439881379227,0.5788172695625627,C2
0.7988614673538216,0.5875790438946681,C2
0.8630375763881619,0.5770849989373215,C2
0.833743512095009,0.5763061905405553,C2
0.7900761332200844,0.5733477594859173,C2
0.8335011374405759,0.6214374141657247,C2
0.7585430582365136,0.6312847149141014,C2
0.7538825800036547,0.6386879005651,C2
0.751515233221176,0.5988963474115261,C2
0.7950803157547877,0.625725869551741,C2
0.7642677141007124,0.6695484095916581,C2
0.811425530870255,0.6239234164207532,C2
0.6982439788049696,0.7476853531928103,C2
0.726052976037863,0.6905879912428405,C2
0.7912768891131325,0.7635099243113516,C2
0.6798842858710172,0.7395281221310702,C2
0.7414421462989419,0.7064648374128124,C2
0.7182738580455919,0.7508456613612208,C2
0.6813603246607208,0.7414314092354767,C2
0.7123480928785418,0.6792929534838216,C2
0.6973595283101425,0.7122645313678861,C2
0.7016493901104248,0.7142406884976741,C2
0.743622898318614,0.7537687317549752,C2
0.629692066850932,0.7731017866956772,C2
0.6828251773119258,0.7493631433640233,C2
0.700387640659841,0.7913930818662719,C2
0.6756626903203394,0.8259183549889023,C2
0.7068413704975175,0.7279278048517466,C2
0.7104512669756952,0.766688111386964,C2
0.6290723798030936,0.7560870002574527,C2
0.6480663090853704,0.8136573237777691,C2
0.5677353858381271,0.7579568336381419,C2
0.6729046879520428,0.7334624608006804,C2
0.6482730019712861,0.782694296504442,C2
0.6797336767933903,0.7925919912826305,C2
0.7020529522126865,0.8221356753263547,C2
0.5831103729610754,0.7788568335186761,C2
0.6710537187526195,0.7970043608851928,C2
0.5917940583453791,0.7797979505776592,C2
0.6396410441564199,0.7985489419005708,C2
0.6928395874043098,0.7491288995470734,C2
0.750055197382566,0.8088443858472757,C2
0.6754002204135701,0.8053763705292013,C2
0.6662300791708357,0.7360229279253837,C2
0.6706340934189,0.7665219254668372,C2
0.6738292159571897,0.829578262955602,C2
0.6572907767256307,0.7323364764617414,C2
0.6594550584595826,0.7987912464421381,C2
0.658951583780171,0.7579372060216221,C2
0.7113621651876504,0.7676402589738767,C2
0.6927620617851148,0.7622836774660379,C2
0.7185215919313291,0.8152791223023189,C2
0.7252689877082584,0.8057618031710038,C2
0.6399516204537905,0.7726175865035074,C2
0.66937868500203,0.8011160038991542,C2
0.6578446090978187,0.7688892928717548,C2
0.6814600476971746,0.7335003536934767,C2
0.7371435317223568,0.7387160323441173,C2
0.7354080257467306,0.779017621737753,C2
0.6581156429292209,0.7762588836668736,C2
0.7177991716957353,0.7571261745757459,C2
0.7298380218819585,0.7043179478216541,C2
0.687958676925768,0.7492511360376215,C2
0.7593648161108885,0.6816936904114712,C2
0.672863042473187,0.6460436234791473,C2
0.7265756564531511,0.7349092126229005,C2
0.7006201712151798,0.6983820579477797,C2
0.6864397733291613,0.7050895621865454,C2
0.6494779678633644,0.756397007568943,C2
0.6517038985587712,0.7378855531059683,C2
0.6782874531141655,0.7137564555872268,C2
0.6563227640627805,0.7494900558499715,C2
0.2616676053405459,0.4494107470230788,C1
0.27887757057171053,0.4624106915262284,C1
0.28625919988114695,0.45576879273091725,C1
0.29170047584551906,0.5092579582014781,C1
0.21997843176648993,0.465306621885633,C1
0.2435010652304106,0.4459357926634693,C1
0.25048310759744163,0.5109581250895776,C1
0.23929814409719968,0.518904442641476,C1
0.2486948508186504,0.5657385636186676,C1
0.28611944474839185,0.5232279666262396,C1
0.23792228036868024,0.5244426993187971,C1
0.2449828086660607,0.47325867718332804,C1
0.3093368943704131,0.5375322487715235,C1
0.26526217899554166,0.5584833421269341,C1
0.2911991901595002,0.5708926212329521,C1
0.28938187857175507,0.49854155298853753,C1
0.3087392470136404,0.5143091543685264,C1
0.30939686436424085,0.5761673617024845,C1
0.27290495597709413,0.5262804923637525,C1
0.3364499282871842,0.48066780809633636,C1
0.36893011753098903,0.40619340251998015,C1
0.2916759180581517,0.491927777288832,C1
0.3033042279250092,0.5215322718264658,C1
0.2719674539246282,0.4625904954089499,C1
0.31639548995784605,0.512049587443025,C1
0.3040574195175633,0.400141985119447,C1
0.33758288289285676,0.38961346966268356,C1
0.25506083693486203,0.366315006553339,C1
0.39206112788043174,0.4996502333324025,C1
0.33051289767211306,0.41322034658073753,C1
0.28891389363388587,0.27769934909094723,C1
0.30692096903331606,0.3981026701083848,C1
0.36505720440569445,0.35232154888050826,C1
0.3448741131192832,0.3639853455063111,C1
0.31084716109120497,0.41402113158958004,C1
0.3464469436348424,0.35320735895427896,C1
0.33326146287841557,0.35911603973042777,C1
0.32470366948734325,0.31167615297856954,C1
0.3644106548670339,0.2833054273272417,C1
0.3745893009672072,0.3283203745148306,C1
0.39517180371485483,0.2957571213739852,C1
0.3455248124126322,0.27317299527172223,C1
0.3371305377871307,0.3117334404674911,C1
0.33182360405591377,0.28894278141730173,C1
0.3399190551165452,0.2306497982894524,C1
0.41134181501852035,0.35948747032645706,C1
0.43313063459092194,0.28041338832856083,C1
0.34470410861317413,0.34571837390312243,C1
0.4354315006708372,0.3044488191990489,C1
0.4177879385661621,0.3411144686764569,C1
0.4096337029281507,0.29041950436489394,C1
0.3926444832121825,0.26972567408640935,C1
0.4631977575060936,0.29101820403186607,C1
0.4466272148242852,0.3459491452042644,C1
0.5101203318926407,0.3671130313045029,C1
0.44683325718076816,0.438638392089586,C1
0.45369157643979724,0.38154029720709504,C1
0.47403931865908033,0.41265387243944607,C1
0.40784806963968984,0.40531270877252323,C1
0.4635641810112192,0.39498060831003534,C1
0.4433517355962263,0.41510390236078243,C1
0.44523069627473055,0.44402761531788204,C1
0.4366242246910358,0.47508970943925427,C1
0.4476136492312841,0.4324281877747878,C1
0.43751573273059396,0.4775673590184537,C1
0.43125027420762135,0.47429249084892255,C1
0.2913224745772205,0.4979848133260763,C1
0.36360014401486307,0.5761792958712862,C1
0.39235507275613685,0.4582330787789448,C1
0.3890137305675751,0.5492920477506017,C1
0.35255338244175244,0.5004078420345998,C1
0.4316923237544069,0.5096809162777012,C1
0.3605957181156615,0.5313795827298383,C1
0.2802425396687622,0.6544236989316565,C1
0.3261331348098956,0.5970930484903331,C1
0.3001266008499785,0.5705693742725824,C1
0.38228361042621817,0.57723279559116,C1
0.35677626872676105,0.6001790806928975,C1
0.29388114442277347,0.4892428968213735,C1
0.33326377147923036,0.5565243342809316,C1
0.34780562735474085,0.5431396974629358,C1
0.3420881858106811,0.5597629318178153,C1
0.32115765947339325,0.6405327825121464,C1
0.2982001526524731,0.5959399478888583,C1
0.3444758055908652,0.47969504860842194,C1
0.29802415447293157,0.44262622481695785,C1
0.30994851706320464,0.4406542478923227,C1
0.41417500888737113,0.47891814618646866,C1
0.3890155876128194,0.43144675997976467,C1
0.36877902794870704,0.5293925497735437,C1
0.42875053481624587,0.34432823796548634,C1
0.2940607662014543,0.38524432661360347,C1
0.34083558541022285,0.35360888107616945,C1
0.4303727531591413,0.36608432847791034,C1
0.45770273028364816,0.4086891288634594,C1
0.3286108579424154,0.3152804709607262,C1
0.41020691432317563,0.4047559247577168,C1
0.38390857100212233,0.3075945062369881,C1
0.3580169612158878,0.36043084801459735,C1
0.43046191691352936,0.345961807494264,C1
0.3944440471140175,0.40545761208503406,C1
0.45704270664530877,0.4160224163288122,C1
0.436242227699262,0.46958224796801584,C1
0.41472361097786425,0.3847928653420942,C1
0.37130943414504164,0.4152533029863673,C1
0.3616837054998307,0.4307149771568546,C1
0.41211144572256303,0.3044300465384127,C1
0.4070286312787619,0.43850107675494066,C1
0.4187394525879954,0.4831118604116824,C1
0.4554578351353912,0.5585441201747694,C1
0.33609516310424137,0.43527193302793077,C1
0.37648553466400214,0.47461590553837146,C1
0.40026437532836584,0.4758939546276224,C1
0.3740034458461398,0.49978831814002306,C1
0.30477343027942927,0.6061511324781337,C1
0.29935790343818747,0.6417685307883543,C1
0.36353238814459177,0.603224842365406,C1
0.3135524007356783,0.5698312929512861,C1
0.30655243875925886,0.5630112862124876,C1
0.31170322218524044,0.6207530165578428,C1
0.3490359620912449,0.55049286686116,C1
0.32286108707414335,0.5372623483536216,C1
0.2803504155620641,0.6088910433091806,C1
0.30067046708330564,0.6497555290816495,C1
0.30886568895683886,0.5373607430967391,C1
0.2790174461390354,0.5771459801540009,C1
0.3356943373257551,0.34591863443805376,C1
0.26585650268338945,0.4173335765455968,C1
0.31814842790058434,0.3839285972330985,C1
0.33954883742082803,0.4357291908899841,C1
0.3017128318947938,0.3613937577380843,C1
0.18765647752585535,0.4170395263378838,C1
0.35840665893548684,0.27216414581419685,C1
0.3857064752473254,0.3433251428880554,C1
0.41072077859869116,0.3513957786557508,C1
0.302833118191413,0.35862967210269797,C1
0.35069838983284607,0.35489196027851455,C1
0.3416216925284457,0.3168440308324094,C1
0.4211203696121542,0.46782012430058945,C1
0.3704454614337686,0.41270468655246406,C1
0.42188598160206,0.42806244809023336,C1
0.4149459340514692,0.4275190639885291,C1
0.41048961806414874,0.39884673743096366,C1
0.39441163608773444,0.471548418432941,C1
0.39459933362068106,0.5499114963161416,C1
0.4577995248790212,0.5867939172970574,C1
0.4347066576794515,0.5176788006598088,C1
0.31799061382115634,0.5141225905531025,C1
0.3415522362187972,0.52712663921047,C1
0.33176091929268614,0.5700923467317797,C1
0.3463718078384963,0.5559031046858693,C1
0.3430347245489374,0.5357703143026559,C1
0.3584675452976606,0.5690412064359675,C1
0.35408363310197655,0.5657306968136202,C1
0.3806609922063872,0.5587507561911162,C1
0.3712948330072613,0.5730860220873981,C1
0.3362273332096267,0.42941818529668035,C1
0.3501239372473902,0.5801132789621878,C1
0.4098265022188432,0.4712250705059221,C1
0.3393090854647323,0.41922821056962706,C1
0.39063726859473,0.4566392408815315,C1
0.45904868477890437,0.4821582578811838,C1
0.38166910648369545,0.35761726109922853,C1
0.33873977021794327,0.40712370828956385,C1
0.37746112678972055,0.37607132307301616,C1
0.43236332081296025,0.3760803972199075,C1
0.444277274173574,0.38694054685426094,C1
0.38011050329666846,0.37876489479654385,C1
0.52119961371853,0.41062410942590066,C1
0.5435491007548353,0.3974276555861928,C1
0.5009262134806691,0.38430259163702285,C1
0.491824232464495,0.4158686195351037,C1
0.4411121332312479,0.34723312151878394,C1
0.4425035832835544,0.3528938600998776,C1
0.40593244974616255,0.5106407064816457,C1
0.42490622155196606,0.48549462013473743,C1
0.45659683249640953,0.44360488817577554,C1
0.4883007122011182,0.45426165602582014,C1
0.39143845113412984,0.443568090238155,C1
0.4077392307295997,0.4723823403271657,C1
0.3823789448258439,0.5091931664387955,C1
0.3340402480022965,0.5855250310127764,C1
0.29762231377436144,0.5518380465869633,C1
0.40101363505028426,0.5321925084708459,C1
0.3132088890858821,0.4959220159647533,C1
0.27830923780349087,0.45543486751486395,C1
0.2984075803595387,0.5758957833959019,C1
0.30848369224157346,0.5895973444915878,C1
0.2971359758271444,0.5561938444516938,C1
0.26534166750418653,0.5785873795595412,C1
0.3258727304475318,0.6077121910574342,C1
0.4020574541901619,0.5649990284050928,C1
0.5319973341629732,0.7680224407057867,C2
0.5714210027329083,0.746874540074616,C2
0.5042255129558815,0.7442199491678531,C2
0.5372154166904662,0.7210339923053506,C2
0.5866239088751041,0.7952021699476279,C2
0.5095952367954242,0.6611807337097476,C2
0.5937154157997437,0.6799390146124956,C2
0.5593409679693534,0.6707895699322021,C2
0.590610665698813,0.7056962764734628,C2
0.6241311804523447,0.6851790774206398,C2
0.5171763091466225,0.7341101490291325,C2
0.6511012480452728,0.6591389460361176,C2
0.6038073966503943,0.5837171390428496,C2
0.5667505306629466,0.6537591094270712,C2
0.5232044470320101,0.5705356382060144,C2
0.6325098998036589,0.5840872015342697,C2
0.5820998147604596,0.5883047397119784,C2
0.6184502999968805,0.5301585089313252,C2
0.5741756652486096,0.6040811051127187,C2
0.6529079590982809,0.47798122832827833,C2
0.5823121532041933,0.5257950481419593,C2
0.5634262840413342,0.5529292052742498,C2
0.5814412863359327,0.5903659604275455,C2
0.5272902889745178,0.5250188210097221,C2
0.6391219296661452,0.4250250062347507,C2
0.5886145897719074,0.4592230719083805,C2
0.5927680651255961,0.31515016804136864,C2
0.6084061114852294,0.41582175706670005,C2
0.5637561083605634,0.42317424322905545,C2
0.6512609675040294,0.37278898475429806,C2
0.555813394278453,0.3336399973688199,C2
0.5491284680862262,0.43365488659635915,C2
0.6298122408102673,0.4245912721665799,C2
0.5246495923265839,0.44819382037114164,C2
0.6332017874643833,0.36208784178218023,C2
0.6158376223729681,0.4016211579585052,C2
0.5511910648562083,0.28918191686372313,C2
0.5909943990976511,0.3939018585498962,C2
0.5680087317469067,0.3686043570885908,C2
0.5736615455221045,0.3210038403079903,C2
0.6104733740417306,0.27428696722419565,C2
0.5695178392732766,0.3793120545821695,C2
0.5798775337742077,0.36068000778515547,C2
0.5771166091212733,0.32866311497872325,C2
0.5831553339356244,0.36079123073872615,C2
0.5184607753487422,0.3507371140080767,C2
0.5521157863123377,0.2996411708692096,C2
0.627083578563646,0.334638113932819,C2
0.61079367566094,0.27558167199428296,C2
0.5357273745509632,0.26613896624546135,C2
0.6261919534316385,0.27204112175166933,C2
0.7021097142734798,0.2365045144154273,C2
0.5830086792111285,0.26677537353702285,C2
0.5597643037886667,0.3384357037625977,C2
0.662266922913944,0.24041300277009225,C2
0.5853542017757472,0.2935736036975939,C2
0.5752146292611435,0.2941848955818863,C2
0.5317424854494316,0.25114137994792857,C2
0.6438859858740048,0.2478284304714043,C2
0.5479618454894271,0.3024161293191937,C2
0.5178382935331547,0.18496562510520895,C2
0.5672014538810342,0.23696500612362034,C2
0.5474342569142495,0.24543509837121605,C2
0.605899915456954,0.20632760159349525,C2
0.5305562732954403,0.215566233750476,C2
0.5590946753120535,0.21886536038544693,C2
0.5666278137607755,0.16642058272072927,C2
0.5420872340924847,0.22953294022032952,C2
0.5599896545610694,0.23569168742475147,C2
0.5494000771132594,0.15901810485618695,C2
0.5427356469405613,0.23690991581530682,C2
0.5572968365626887,0.28511641635057633,C2
0.5964368012277116,0.020823619306806526,C2
0.5731607605405841,0.21311166908074697,C2
0.5244029823081352,0.12553917654584326,C2
0.5608143451782591,0.11787272934205748,C2
0.5025500906568675,0.1387958191756468,C2
0.5154286445545526,0.1669417345732868,C2
0.5358053699118371,0.2011859323190428,C2
0.5025793210145295,0.09599761925319034,C2
0.5884705739650429,0.07480843312603214,C2
0.5008405625432298,0.1647248251166848,C2
0.5203681215140507,0.16607328861509096,C2
0.5606301891039351,0.07178142540943139,C2
0.4505769947727047,0.0894803483478497,C2
0.4856279326091726,0.12000692433908206,C2
0.4966049725286382,0.060035379019124605,C2
0.4604303383684846,0.09789114992512629,C2
0.5016803515956713,0.03712470396930695,C2
0.4900224707781804,0.11262439702726318,C2
0.43645528919277693,0.10446238481148892,C2
0.4341790516264549,0.05121025624044222,C2
0.4731006823884282,0.17267420020093907,C2
0.4148218758815828,0.002920458954707321,C2
0.4016158690980717,0.02752511529852271,C2
0.4585174497784613,0.03321108690530343,C2
0.4071494823725518,0.11558714187466565,C2
0.42410490502759585,0.02483455188245053,C2
0.4530550524198293,0.04432914578260509,C2
0.41616742024513986,0.050691665709928654,C2
0.35388927647874563,0.03403999766820397,C2
0.38847199826274764,0.05851790937055331,C2
0.3922944861212278,0.03627261882645261,C2
0.35152347415314494,0.03765596530031758,C2
0.3674156007347645,0.07048562262663363,C2
0.43522724646311395,0.06436348165773023,C2
0.37607070767437856,0.036545656490353545,C2
0.3401254056620932,0.02492320808917002,C2
0.2739875504265598,0.0071912231076916334,C2
0.33922040603805,0.1317201476796241,C2
0.2803190762843545,0.05494160943240812,C2
0.30432781832678935,0.06001798443670093,C2
0.27034764276151235,0.006594633949242777,C2
0.31025994873120993,0.07958219432370225,C2
0.3470038876238265,0.001089156931734947,C2
0.28283999183009423,0.026774958777605905,C2
0.28653734558030014,0.06229158148998273,C2
0.3286895710388754,0.034056312912839684,C2
0.28985911507908724,0.03759774438720019,C2
0.24118745994161378,0.0011142466164402905,C2
0.21076464762589117,0.024482382298367824,C2
0.169829622579234,0.04250851269386674,C2
0.23813879714272512,0.03977702872507899,C2
0.2660718616213833,0.05859022586289634,C2
0.2273536260035943,0.07318429340353086,C2
0.20548766803634477,0.08937296719347546,C2
0.14672830058945704,0.05564728197453275,C2
0.21179278788585337,0.02007945740627294,C2
0.19768314754201285,0.015686353151415956,C2
0.2180756246999817,0.10066900107073944,C2
0.18008394350599374,0.06304066627491657,C2
0.17911202041865582,0.09873396223382204,C2
0.21506019218034458,0.050636680757754,C2
0.20767831356035293,0.005053462825383832,C2
0.12831201774358766,0.05176176166292369,C2
0.19830732399007323,0.04230903270376331,C2
0.11235759627468178,0.08905789146000034,C2
0.12003789184235006,0.08844656724721302,C2
0.1851192323976544,0.12041002905988041,C2
0.132367931009626,0.09217251168580037,C2
0.12757901760286944,0.011726602951254647,C2
0.11438038002542987,0.10737461781269825,C2
0.14761028926584194,0.06523406597400006,C2
0.13438134711209235,0.090037149080207,C2
0.10721939467810152,0.07021830597666115,C2
0.10684793402615826,0.04846034954170979,C2
0.08670578817444485,0.11549204260770307,C2
0.07437471411146249,0.03995856576944272,C2
0.04177015991039187,0.17894712816538322,C2
0.13927621667988793,0.09816363023584433,C2
0.10300025572189563,0.16452928299344263,C2
0.06801082344713792,0.11780494666290242,C2
0.1662908495582121,0.16665230700293238,C2
0.07320549206440405,0.12353111185337229,C2
0.09943071910738285,0.18511527152360027,C2
0.06746524157819951,0.17748719739180813,C2
0.07394721209681489,0.16654771686481032,C2
0.09447205910200585,0.2303135754250572,C2
0.03185430957058515,0.20112818478608022,C2
0.0751100540801942,0.2511929356289261,C2
0.09364201890670962,0.29320797786832903,C2
0.06279464199832734,0.27472786799162185,C2
0.08954852054064892,0.289280476928926,C2
0.1005452189395892,0.2548849179795335,C2
0.05961298072956242,0.2362976756608713,C2
0.08407034391855575,0.28547204571397766,C2
0.07297248659930893,0.3102879161804328,C2
0.028963395101234652,0.38128639040357504,C2
0.04702044813497135,0.36125273776204136,C2
0.04321824799022974,0.375773298282284,C2
0.017008874500272136,0.35828645954744426,C2
0.09500492055561041,0.4789573682613463,C2
0.02243270085907309,0.534135135398698,C2
0.027932156457622856,0.49902543894405876,C2
0.023666453511096565,0.5190540162330619,C2
0.09771813469977698,0.48261344928199973,C2
0.0014907692758422547,0.5394038257796278,C2
0.04139677727043341,0.5282107829838107,C2
0.06456156984929537,0.5652083986512418,C2
0.045098904680872784,0.4720660933618718,C2
0.0031371452398845853,0.5463642700862074,C2
0.08327170739986622,0.5374054533218691,C2
0.06868455175697423,0.607802253895407,C2
0.0434623555241905,0.61180573520084,C2
0.056312141717039264,0.5637817872235497,C2
0.03308238104281076,0.6534177405402868,C2
0.07369607438096241,0.5120277141113665,C2
0.015172701368892809,0.5619986370337068,C2
0.12557697560835818,0.591510228384088,C2
0.06653849721914137,0.5773606035006202,C2
0.006637366413863956,0.584242778196423,C2
0.08586883194656283,0.6504334230883214,C2
0.06949664426212052,0.6109914048479772,C2
0.10952980185997566,0.6757863386072137,C2
0.07628254962092317,0.7091362176013702,C2
0.18337662723818737,0.6475109947755884,C2
0.10351470472457061,0.7170436886455531,C2
0.1116169293059745,0.7142031912132062,C2
0.08997703284330637,0.6777479121539423,C2
0.09907846454864058,0.6602494958952241,C2
0.10240701568147968,0.7096490557272433,C2
0.09617942162221556,0.7492489256992866,C2
0.044221585901064425,0.7579954039462736,C2
0.11451842051925881,0.7599451955813886,C2
0.10330882621776202,0.7700089795013142,C2
0.057596724106437666,0.7900681001865854,C2
0.10648420785262505,0.7276784237127726,C2
0.1351763216302797,0.739672747369698,C2
0.1247436925938101,0.7485067377899156,C2
0.11279825581355288,0.8042447104640652,C2
0.17494838734770274,0.7347085028443798,C2
0.20799091900508404,0.6690109138991882,C2
0.11216625053597142,0.8121435050179571,C2
0.10152779993340381,0.745458275320833,C2
0.14785757617788825,0.8367458157004452,C2
0.13529582726039763,0.7966028867283684,C2
0.11561920619711066,0.8687374431076164,C2
0.16970760277823715,0.7548858659244124,C2
0.11862141395141554,0.8166299989038182,C2
0.21667951856438145,0.851210501373615,C2
0.14141450983178522,0.8457107861084147,C2
0.19856595348177697,0.7156486444232766,C2
0.20016245827335247,0.8349813014336104,C2
0.14538941601242567,0.8681615698961862,C2
0.23038610924138328,0.7878340595037325,C2
0.1828306264360443,0.7861140335512247,C2
0.22472906463226522,0.7660165371595625,C2
0.2169243126799826,0.8665513852120711,C2
0.22339082092211351,0.887676972148197,C2
0.19556625137555791,0.7565942384605491,C2
0.30558026182146575,0.7616233509893727,C2
0.33794900869303846,0.8254338908419504,C2
0.21534622242799073,0.8163522454030541,C2
0.2741067481511686,0.8096522836403455,C2
0.2274735284850179,0.889764927616546,C2
0.30390980015629177,0.851346362410077,C2
0.2815341580142097,0.8821615194405021,C2
0.2763719373826894,0.7712574687039542,C2
0.23359365411753408,0.8677838215466273,C2
0.2695183862372809,0.8484317422030297,C2
0.28656142764292086,0.8731848697376552,C2
0.33531355042006983,0.7365125130736616,C2
0.35510608109130404,0.8288803846556932,C2
0.3102591063460063,0.7978674949710283,C2
0.3504493766985588,0.8466032420032321,C2
0.35510527003116643,0.8050817081888817,C2
0.35476347818382997,0.7481965525993605,C2
0.3571656078111068,0.7869043405564446,C2
0.47182786458642245,0.8057514367226242,C2
0.4224166831173951,0.8754695165098239,C2
0.42373705658224964,0.7787574912600651,C2
0.4408048752987717,0.783481516106652,C2
0.4218692931537217,0.8547541758096726,C2
0.3565435709956488,0.8740444080070168,C2
0.4451097649931068,0.7451764107810401,C2
0.5042916746133619,0.7399141032660371,C2
0.45929791904229506,0.8140943998115208,C2
0.4069056309832173,0.7660507551715414,C2
0.43404767226398955,0.8976012244239394,C2
0.47528871369697256,0.7992011804384853,C2
0.4276785549765372,0.7854363133954014,C2
0.4293015107196218,0.7555903168174226,C2
0.44125139390066415,0.8847929182926355,C2
0.45386039682964874,0.8329656775325789,C2
0.46593522331678755,0.8009178662694387,C2
0.47986884542292796,0.7897932561828473,C2
0.5010245731674126,0.7708690474291204,C2
0.4650930211329902,0.7762503839646396,C2
0.45236647293956045,0.7859890818292224,C2
0.5576387083643485,0.7345142440533611,C2
0.4652563421468833,0.8192896952307095,C2
0.539824193706232,0.7179874530673209,C2
0.5175660270904475,0.6830293002270296,C2
0.492105182323523,0.8021104376356863,C2
0.5224210391630411,0.7259320463780276,C2
0.6360168403027254,0.7575912301318307,C2
0.5861355085696177,0.7410042763615169,C2
0.5185528692642618,0.7873081494500338,C2
0.6179335168032665,0.6652265937177148,C2
0.6321229725423757,0.6684885343978955,C2
0.5538688299596071,0.7062897618391125,C2
0.6507992365536139,0.6654621095325197,C2
0.6303734088812736,0.6677394438566022,C2
0.6112769820958968,0.7066806147787715,C2
0.5777251640195169,0.715054490946192,C2
0.6245837410758361,0.6618785580945833,C2
0.5859858618972423,0.6670410460960581,C2
0.6162590648145007,0.6663903547605864,C2
0.5813014496369702,0.703364772990912,C2
0.676241260622736,0.708587252148123,C2
0.45836752359472155,0.7869212726644444,C2
0.5564475402838553,0.7867133987922029,C2
0.5068142544425288,0.6782263543369236,C2
0.5801804016127907,0.7667911641737271,C2
0.546907622421136,0.7429844936077566,C2
0.5676589649961218,0.7794065539316942,C2
0.5362044925175377,0.7757851718843519,C2
0.459800326635258,0.8521289938751295,C2
0.4915475796536475,0.7815996360219863,C2
0.4957371115587868,0.8585621073773997,C2
0.5762593268678906,0.7817055997805249,C2
0.5460757957027507,0.7727971231696817,C2
0.48323357604676337,0.7639178850071631,C2
0.472027540193491,0.748024570919845,C2
0.4565631710685603,0.7430840297636322,C2
0.48239524638647063,0.7463778240045641,C2
0.4613851102769947,0.8231999927543077,C2
0.4860240069802254,0.8263996788545706,C2
0.48436819682907256,0.8169958501065051,C2
0.5258873500366957,0.7786806567541726,C2
0.4225021435455186,0.7696333197284946,C2
0.486023184499384,0.7910152590304634,C2
0.44829641185796804,0.7895298230811969,C2
0.44119101540957434,0.831139263582299,C2
0.4118204039322473,0.78441307331333,C2
0.37282575129883005,0.8164593680576997,C2
0.4577043986454427,0.7500691666589886,C2
0.43806908701355557,0.8421141612163597,C2
0.38813180604164293,0.7867475563021074,C2
0.5151470617808456,0.7807860282716043,C2
0.35572901584718764,0.790843870154377,C2
0.4016652262517721,0.8523602580902192,C2
0.35800170308721924,0.8085126744008605,C2
0.3779954445578758,0.7936076807779654,C2
0.43996653024336074,0.8605234180451775,C2
0.3852195071244712,0.8522865340093885,C2
0.4387554095524763,0.8409112109541483,C2
0.3373942443520285,0.8461034288072864,C2
0.4149222110072938,0.8643065506287915,C2
0.4770138808678678,0.7772298163941672,C2
0.3870019068150914,0.7674225231237989,C2
0.4674955175498515,0.8344259304892052,C2
0.42681508838874466,0.7752745669551457,C2
0.4030627515433786,0.8209282543567347,C2
0.4325006123018905,0.7983570824430793,C2
0.3551294266688217,0.7909034532937498,C2
0.47715891000227456,0.7958309792923989,C2
0.32014565488220353,0.8131991806382496,C2
0.31785164001148586,0.7986716642644981,C2
0.3854629898136936,0.7753705069631283,C2
0.39972051949828463,0.842834986465994,C2
0.35762997601312585,0.756242831436505,C2
0.30924994125641014,0.7827095871935783,C2
0.4246042958438115,0.832687031702694,C2
0.3453116990409325,0.8486933191028032,C2
0.2887441108311585,0.8239298300474892,C2
0.29515496968527916,0.8092086152270638,C2
0.32435818230047725,0.8220903008533489,C2
0.2612359422311694,0.8804757078548593,C2
0.23457032899217095,0.8105611108268448,C2
0.26738906219349123,0.8127856255109214,C2
0.2529624153684732,0.8276604465465983,C2
0.16204656455493968,0.7991379657969089,C2
0.2844473481907887,0.8532361259601622,C2
0.3519542703359132,0.8710168924109144,C2
0.243342901388539,0.8781867173292437,C2
0.23454300119367874,0.8107925737098515,C2
0.1625584694088213,0.8297595977723966,C2
0.24758783145746305,0.8362151797104241,C2
0.24970485858723146,0.9071101684242239,C2
0.2397588352644296,0.7906454886958142,C2
0.24067318348095515,0.8031169766331271,C2
0.20603108496383477,0.8274548413312748,C2
0.170019305223543,0.8437282126806797,C2
0.27139498388797595,0.7893077278888269,C2
0.2270080071779967,0.8654463758094336,C2
0.1338382515556058,0.7533730245611802,C2
0.2197177217819669,0.8469275888020588,C2
0.2611198654555845,0.8193523511147139,C2
0.27408825595180786,0.8996123823772778,C2
0.2377457155621021,0.8151935293700141,C2
0.22329447029090949,0.738321978674095,C2
0.17832832379796384,0.7983569401087023,C2
0.24696550674478498,0.7411171797101962,C2
0.2578296560905977,0.7877285964370133,C2
0.2561412127531925,0.7960396052527228,C2
0.2334811441711358,0.849271656231171,C2
0.2877379399194739,0.860368966751325,C2
0.27474228020092273,0.7996394776169973,C2
0.18860163716878386,0.7708413592631171,C2
0.2555756173553221,0.824113318704936,C2
0.2734337942894507,0.7992122834815375,C2
0.23821146271670132,0.7961204148523435,C2
0.2471542953733039,0.8193289030268114,C2
0.20969469549276895,0.750052987601389,C2
0.27448231505739623,0.8405975302053025,C2
0.1504726420786206,0.37855392184784314,C1
0.1709490564507418,0.33650348445762623,C1
0.22335586893591514,0.381675738428632,C1
0.2968361805394149,0.42146708193539534,C1
0.24963885409402561,0.4799493250829396,C1
0.18774718418640968,0.42461786696839054,C1
0.2538861072866985,0.5065770803404436,C1
0.2165096551110403,0.41405543717557386,C1
0.2239647475194266,0.4504664859637909,C1
0.25723712707581864,0.40823984537711716,C1
0.28089669903105463,0.47259587354356225,C1
0.30524712538400317,0.4275721399823088,C1
0.24904523257634018,0.4346811664926113,C1
0.19571775329790128,0.44643166145666635,C1
0.2543224061181009,0.49378752592523045,C1
0.27950561732259405,0.34222375304655617,C1
0.24537375929732205,0.4941978902722948,C1
0.26612238252605347,0.4280544820908567,C1
0.26327891109316326,0.4107528694063793,C1
0.28637437523458004,0.43338461574716564,C1
0.2890113981354679,0.3900984025096368,C1
0.23053554618008354,0.45143200106908166,C1
0.22211356250529174,0.4085227306008607,C1
0.29030049010232,0.3841227779901392,C1
0.16134161447826423,0.4195954154330003,C1
0.24577846588770366,0.3847215543391417,C1
0.20249471070562794,0.41894146169510416,C1
0.18797133080610798,0.4010081207880086,C1
0.2797832778638261,0.40152609669646777,C1
0.15743831751112064,0.4391642887698149,C1
0.2732369830822777,0.44618131206732936,C1
0.28006891353152796,0.49013500107020036,C1
0.23503315459742824,0.4950195399430885,C1
0.2625353541930309,0.5161891793847037,C1
0.27622049290725964,0.5154342914415997,C1
0.22163261425050673,0.4720520506703303,C1
0.3570873578529119,0.5590862726711072,C1
0.2812696417384938,0.5122777778927772,C1
0.31948096902699474,0.46373727332996595,C1
0.33488276360036584,0.4523979969049033,C1
0.3387222201013747,0.5145157310152707,C1
0.2829833032397615,0.48849204496935533,C1
0.18899418886554376,0.22968237344873138,C1
0.2912676894156926,0.2880843074336243,C1
0.22784782012422516,0.40097282059417805,C1
0.23858956824227268,0.33683697047426103,C1
0.20399402205280576,0.3240418378896281,C1
0.23810290800136952,0.29122701104070786,C1
0.24921968263648564,0.4158797107876028,C1
0.24220763638572315,0.3683859969949922,C1
0.31900168493181236,0.3671213742791574,C1
0.2227740171412428,0.397896607882707,C1
0.2403566772092986,0.3603790330135936,C1
0.29161861565828145,0.35900267135845754,C1
0.3124007376682816,0.49813945254507475,C1
0.3819184511329572,0.6018028791753431,C1
0.38185249629759643,0.5830436822588898,C1
0.4044716088309445,0.6680649107500793,C1
0.3286991737484183,0.6214378349850419,C1
0.3543829442471487,0.6003403427001457,C1
0.3409261892953319,0.3990204841164324,C1
0.3957873041682511,0.41885492965795096,C1
0.33585682431329056,0.4445603222281245,C1
0.3013010960055318,0.5095798450763789,C1
0.29158699962056017,0.43895970717929117,C1
0.3111554827132294,0.43060710031278226,C1
0.2529214106425933,0.33614404269805437,C1
0.28330783551435,0.3375987916573858,C1
0.2639656181955821,0.3224384573237741,C1
0.2735290564591025,0.31872003791248904,C1
0.29491163126281134,0.3633117838272496,C1
0.2819906747424194,0.37271866993840663,C1
0.3051071684485232,0.5132487464341523,C1
0.3167573384060628,0.46702108528027564,C1
0.29693278731917616,0.466937146405228,C1
0.310198911500444,0.49870380826131616,C1
0.29417211999814,0.48010117153729226,C1
0.2755188874879195,0.4482598639794813,C1
0.33179121541778056,0.5284418500914194,C1
0.30411395222729853,0.45338339666288413,C1
0.32464150675489545,0.5381341066321407,C1
0.3139706993619451,0.4657950665310916,C1
0.35710514688064277,0.5705427615403781,C1
0.33260765619280813,0.4982003317315404,C1
0.4097062876806881,0.43364288893967246,C1
0.3165374176201968,0.49448741522216516,C1
0.3809929118639243,0.4784512016698577,C1
0.3704280742978754,0.3546654150755643,C1
0.36323569456518334,0.4032494372460263,C1
0.3639519545943228,0.4914146222261258,C1
0.4066572829439093,0.37326546589108545,C1
0.36503924416487804,0.32993429901408927,C1
0.34210427407385335,0.3802369512888234,C1
0.3627123658529076,0.3247375272608132,C1
0.3702152219418635,0.36877173162879673,C1
0.3883904193621613,0.3745259043566471,C1
0.4581664457174864,0.41208483631595627,C1
0.3789028711102043,0.4036822910350503,C1
0.3826687379670165,0.39669671358551345,C1
0.3266363426834803,0.5011485752829442,C1
0.4304733368122812,0.481227890871574,C1
0.4376160669885486,0.4203179298853855,C1
0.3526099469410541,0.48526113569851936,C1
0.35101976832374027,0.5375600409402822,C1
0.409250696119182,0.4842420733340105,C1
0.4023621222627632,0.45099247753399696,C1
0.3557562983251145,0.5133777240876826,C1
0.3861145019192498,0.42499036303610205,C1
0.2737153387621733,0.46073326361895456,C1
0.39402415872844454,0.4703282644001712,C1
0.33689292255896836,0.5377140987070965,C1
0.40687950980198256,0.5057522351406403,C1
0.2717165737131503,0.43447424836733656,C1
0.33991369119175213,0.43874416728894405,C1
0.2836984429966143,0.4797939758245822,C1
0.33377955003974785,0.4483597288833404,C1
0.38894496034381015,0.4446699027933695,C1
0.3789456569206194,0.4828752213626966,C1
0.3149982199277542,0.44832560511369046,C1
0.3235134483330353,0.4186616205822364,C1
0.3290350069720543,0.3670438087887478,C1
0.3862616950683905,0.37897294897838446,C1
0.37276535169190855,0.3817340525240939,C1
0.3967249381509793,0.3662284714926272,C1
0.4288629599897057,0.4596832899791078,C1
0.38055882501282945,0.40485486444729113,C1
0.38538771354077117,0.4653620230150502,C1
0.38792114709784803,0.4795797296126872,C1
0.3944103064363151,0.4614483475228119,C1
0.3744200496214517,0.4287391229527552,C1
0.4030447186074445,0.4790652826076947,C1
0.35897123329734953,0.4441050525931041,C1
0.39885112017804336,0.5193405660535487,C1
0.346632709150037,0.5225700084003809,C1
0.3166613316741613,0.5347589633269153,C1
0.3292847728642068,0.5009356968681941,C1
0.35414194301615426,0.5446989876268711,C1
0.3210378654860893,0.5726742745826848,C1
0.32579581336437785,0.5320869284807813,C1
0.32562946299950224,0.5625533024371745,C1
0.359105480859256,0.5348937497654137,C1
0.3061164437588147,0.5640269023634304,C1
0.32063910871409473,0.48942351071073203,C1
0.3318039132757526,0.521674280022603,C1
0.3616091370933372,0.4564879399812861,C1
0.3834134964278761,0.45718672932417925,C1
0.4086187469370732,0.4297808510863584,C1
0.3311736220630246,0.44790365557158685,C1
0.33467328907718585,0.4837535502692098,C1
0.3983621337909055,0.4331477598329269,C1
0.41063233856564274,0.4450991446476856,C1
0.3705633448303433,0.4237625316952928,C1
0.31707785139942984,0.36797391316210565,C1
0.37202372468903033,0.3840192828740804,C1
0.37094661204388035,0.417952761275597,C1
0.38945088104663816,0.4201154549969236,C1
0.39775013096337136,0.38304017303347077,C1
0.4290032626215864,0.3648710248701451,C1
0.3918261984097583,0.4435398702944624,C1
0.4179146751266027,0.39831491142051445,C1
0.3570941781859928,0.41171150852159744,C1
0.42414214673591394,0.4442817789100267,C1
0.41356427656777334,0.4556207877957935,C1
0.3700993667805289,0.4230953188632122,C1
0.29933693112281423,0.4561255561698898,C1
0.44634258399301585,0.486641205949353,C1
0.3765707872346876,0.51386923275117,C1
0.422311757642764,0.4058024339524881,C1
0.35397963474195554,0.4448996173123889,C1
0.4111710314971901,0.48615146482899585,C1
0.40082065047069865,0.4675961992705671,C1
0.32835530783614514,0.4242509442107508,C1
0.4063085282471344,0.4737318511782852,C1
0.37648784250386286,0.5014322084661628,C1
0.3058046260177868,0.4010124336107397,C1
0.4035839804995862,0.34304014169852565,C1
0.3179407523005261,0.46617452173784607,C1
0.38070867404311776,0.41820819997384845,C1
0.3528493138944669,0.46612279645326465,C1
0.36989460548154496,0.4302326352315398,C1
0.3486975186408668,0.4010520963521862,C1
0.3320710835083843,0.385770141125454,C1
0.3439712625690976,0.330996850557656,C1
0.3411116259545607,0.30219986989947645,C1
0.3562201657811867,0.3802095840915448,C1
0.35668626773963136,0.3485901380421533,C1
0.3272068999184,0.27152268644991107,C1
0.3041462527523477,0.3811964737388628,C1
0.3167594432689497,0.28389246817369673,C1
0.3412200894405541,0.30593358267777304,C1
0.2498038142020121,0.34390992852222807,C1
0.2835157674802401,0.3548473411752258,C1
0.35341869105841905,0.3285731377084264,C1
0.32226689702322237,0.327625093867589,C1
0.3105045240559872,0.3227609797513709,C1
0.4137572300853793,0.34308322436808797,C1
0.3515006921698626,0.38371998044045363,C1
0.34170412698407254,0.3775651556573625,C1
0.4128697700306393,0.3833749436179902,C1
0.3449795617586123,0.3785767017509606,C1
0.346969073372029,0.3854125650598096,C1
0.33002240697859947,0.37838676337518434,C1
0.36277600346193245,0.3699198742660608,C1
0.4750867708272751,0.43020050689737405,C1
0.4418905305798614,0.44901246195544187,C1
0.34366331050406074,0.531401518477432,C1
0.4812646795154667,0.46605529087462594,C1
0.3837008099722206,0.4412259792537097,C1
0.38553368840996766,0.4272775330897066,C1
0.32541913650725846,0.46958345424000725,C1
0.3846904325142182,0.45789299504508507,C1
0.38667115934246943,0.45571672980442984,C1
0.3774674183124907,0.4303265008727239,C1
0.3369439520987392,0.3849271863128345,C1
0.391505854449656,0.4265554914738565,C1
0.40015817861089154,0.42915837533351164,C1
